subset,n_features,oof_auc,oof_ap,median_n_estimators
lasso,13,0.6237478300926782,0.1623204625441682,17
stability,11,0.6093177837405949,0.11623662835337205,29
boruta,11,0.6012211340514739,0.10731906815631109,17
rfe_ap,19,0.5829756944354076,0.09693489111509596,21
