{
  "smote_winner": "ROS_0.3",
  "optuna_params": {
    "n_estimators": 412.0,
    "learning_rate": 0.0952318831680396,
    "max_depth": 4.0,
    "min_child_weight": 5.89712909129932,
    "subsample": 0.7482728324730173,
    "colsample_bytree": 0.6719504468986662,
    "gamma": 0.520505401411339,
    "reg_lambda": 1.2945717915418564,
    "reg_alpha": 0.9170907319592008,
    "scale_pos_weight": 1.0,
    "objective": "binary:logistic",
    "eval_metric": "auc",
    "early_stopping_rounds": 30.0,
    "n_jobs": -1.0,
    "random_state": 42.0,
    "tree_method": "hist",
    "verbosity": 0.0
  },
  "global_threshold": 0.06999999999999999,
  "percp_thresholds": {
    "A": 0.04,
    "M": 0.06999999999999999,
    "D": 0.11
  },
  "metrics": {
    "oof_auc_baseline": 0.657846931419217,
    "oof_auc_section_A": 0.6757852657111701,
    "oof_auc_section_AB": 0.6933345131729965,
    "test_auc": 0.7017066719896201,
    "test_balanced_accuracy": 0.6823943310544438,
    "test_brier": 0.03937268423313574
  },
  "removed_techniques": {
    "hybrid_attacker_stratification": "rejected: -0.011 OOF AUC vs pooled",
    "stacking_ensemble": "rejected: -0.019 OOF AUC vs single XGB"
  }
}