strategy,precision,recall,f1,BA,n_pred_pos
Per-pos F1 threshold,0.055793991416309016,0.4482758620689655,0.09923664122137404,0.5649483507161036,233
Per-pos BA threshold,0.05531914893617021,0.4482758620689655,0.09848484848484848,0.5635011727132093,235
Top-3 + A+M + F1 thr,0.075,0.20689655172413793,0.11009174311926606,0.5499026897549778,80
Top-5 + A+M + F1 thr,0.12244897959183673,0.41379310344827586,0.1889763779527559,0.6446678975996806,98
