subset,n_features,oof_auc,oof_ap,median_n_estimators
stability,11,0.6181900045024764,0.1094876980405341,512
rfe_ap,19,0.6251779519197986,0.10813828811320322,592
boruta,11,0.6320943281810777,0.1059499055146986,373
consensus_3+,8,0.6241681479727145,0.10478697711123636,421
lasso,13,0.6235825657869053,0.1028234644829086,582
consensus_2+,17,0.6159804077213565,0.10136177650906748,477
