strategy,oof_ap,oof_auc
ROS_0.3,0.13205017769749755,0.6132099533356062
SMOTE_0.2,0.12451266762096955,0.5953171643247717
ROS_0.2,0.12268810222307154,0.6415339130163208
vanilla,0.11623662835337205,0.6093177837405949
SMOTETomek_0.3,0.11508194868390834,0.6116588111900851
SMOTE_0.3,0.11415449901286626,0.6088922606855736
