config,k,precision,recall,f1,balanced_accuracy,n_pred_pos
Top-1 per (fixture x checkpoint),1,0.027777777777777776,0.034482758620689655,0.03076923076923077,0.4919157642596936,36
Top-2 per (fixture x checkpoint),2,0.05555555555555555,0.13793103448275862,0.07920792079207921,0.5197614651429712,72
Top-3 per (fixture x checkpoint),3,0.05555555555555555,0.20689655172413793,0.08759124087591241,0.5296421977144569,108
Top-4 per (fixture x checkpoint),4,0.06944444444444445,0.3448275862068966,0.11560693641618497,0.5754528669095265,144
Top-5 per (fixture x checkpoint),5,0.08333333333333333,0.5172413793103449,0.14354066985645933,0.6392285044163881,180
Top-7 per (fixture x checkpoint),7,0.07142857142857142,0.6206896551724138,0.12811387900355872,0.6410250012475672,252
Top-10 per (fixture x checkpoint),10,0.06111111111111111,0.7586206896551724,0.11311053984575835,0.63473726233844,360
