subset,n_features,oof_auc,oof_ap,median_n_estimators
rfe,5,0.657846931419217,0.11618398538818492,24
consensus_3+,5,0.6359565680199253,0.13343359855060147,9
consensus_2+,34,0.6132229662730686,0.10070548004276894,7
stability,34,0.6084732440992835,0.13322511846092586,4
boruta,6,0.597948380279674,0.09610777733407984,3
lasso,42,0.5897450245033613,0.10389640313741945,21
full_prefilter,91,0.5403322983710406,0.08114441185884787,3
